config,seed,encoder,readout,source_baseline
gs_s3ep_bus_n0_none_e0n0v0_gine_max_s0.toml,0,gine,max,configs/gnn_graph_screening/stage2_structure/gs_s2_bus_n0_none_e0n0v0_s0.toml
gs_s3ep_bus_n0_none_e0n0v0_gine_max_s1.toml,1,gine,max,configs/gnn_graph_screening/stage2_structure/gs_s2_bus_n0_none_e0n0v0_s1.toml
gs_s3ep_bus_n0_none_e0n0v0_gine_max_s2.toml,2,gine,max,configs/gnn_graph_screening/stage2_structure/gs_s2_bus_n0_none_e0n0v0_s2.toml
gs_s3ep_bus_n0_none_e0n0v0_gat_max_s0.toml,0,gat,max,configs/gnn_graph_screening/stage2_structure/gs_s2_bus_n0_none_e0n0v0_s0.toml
gs_s3ep_bus_n0_none_e0n0v0_gat_max_s1.toml,1,gat,max,configs/gnn_graph_screening/stage2_structure/gs_s2_bus_n0_none_e0n0v0_s1.toml
gs_s3ep_bus_n0_none_e0n0v0_gat_max_s2.toml,2,gat,max,configs/gnn_graph_screening/stage2_structure/gs_s2_bus_n0_none_e0n0v0_s2.toml
gs_s3ep_bus_n0_none_e0n0v0_gat_mean_s0.toml,0,gat,mean,configs/gnn_graph_screening/stage2_structure/gs_s2_bus_n0_none_e0n0v0_s0.toml
gs_s3ep_bus_n0_none_e0n0v0_gat_mean_s1.toml,1,gat,mean,configs/gnn_graph_screening/stage2_structure/gs_s2_bus_n0_none_e0n0v0_s1.toml
gs_s3ep_bus_n0_none_e0n0v0_gat_mean_s2.toml,2,gat,mean,configs/gnn_graph_screening/stage2_structure/gs_s2_bus_n0_none_e0n0v0_s2.toml
